+--------+------+------------------------+------------+
| first  | last | first_name + last_name | full_name  |
+--------+------+------------------------+------------+
| wein   | cho  | weincho                | weincho    |
+--------+------+------------------------+------------+
| evan   | choi | evanchoi               | evanchoi   |
+--------+------+------------------------+------------+
| danny  | kim  | dannykim               | dannykim   |
+--------+------+------------------------+------------+
| alice  | park | alicepark              | alicepark  |
+--------+------+------------------------+------------+
| cooper | oh   | cooperoh               | cooperoh   |
+--------+------+------------------------+------------+
| tony   | jang | tonyjang               | tonyjang   |
+--------+------+------------------------+------------+
| harold | choi | haroldchoi             | haroldchoi |
+--------+------+------------------------+------------+
| ryan   | chae | ryanchae               | ryanchae   |
+--------+------+------------------------+------------+